author,comment,publishedAt,likeCount
@octa-sepi2727,"Enak kan lihat wajah iki yg dlu, dlu fans banget ma iki, skrg lihat wajah nya udah banget",2025-12-07T12:17:09Z,0
@Bagas_kara99,Nyanyi oke nglawak juga oke nih iky ğŸ˜‚,2025-12-05T20:35:33Z,0
@IlhamWahyudi-xx9qo,kapan nih mau undang ayu Ting Ting ?,2025-12-04T23:47:57Z,0
@gacorkejulietsaja,"konten sangat kreatif dan pembawaan nya sangat detail , sangat bermanfaat dan menghibur  ^^",2025-12-04T04:00:41Z,0
@nurulqisthi4105,"Halo kak. Mau request undang CHNCE main ke tempat kakak, CHNCE redebut dari UN1TY dan CHNCE baru banget ngeluarin single pertama mereka as CHNCE ditanggal 28 november 2025. Ditunggu ya, kak. Terimakasih banyak kak",2025-12-03T22:07:25Z,0
@lidayanuarti8149,"Gara"" Sarbo'ah aku ke sini ha ha..iki ih ha ha",2025-12-03T12:21:42Z,0
@KusnandarAnkus,Hadir lah kalian yg nama nya Asep ..... ğŸ˜‚,2025-12-02T14:19:25Z,0
@HeraHerdianti-u3r,Episode terngakak,2025-11-30T12:43:01Z,0
@ryndwptra,undang vindes kaya nya bakalan pecah sihğŸ˜‚,2025-11-28T07:44:29Z,0
@oktavianabrtarigangersang,Bapaks bapaks kudu denger niğŸ˜‚,2025-11-25T04:07:05Z,0
@irmarachmawati6328,"Surya adalah gua yg kalo anak2 gw lg makan kudu rapih ğŸ˜, Nasi jatuh 1 butir, comot pake tisu ğŸ˜….",2025-11-22T23:57:49Z,0
@AndiniDeti,ğŸ˜‚ sumpah coy laki gw pas anakhw lahir azanin subuh auto senyum* bidannya ğŸ˜…,2025-11-22T22:54:34Z,0
@IvanaSeptiani,Lucuuu,2025-11-21T22:32:06Z,0
@imisstam1346,Berani ga om omes undang neng lini ya,2025-11-21T09:45:26Z,0
@rendisetiawan7012,Tongkrongan urg sunda jiga kieu.. rameee jirr ğŸ˜…ğŸ˜…,2025-11-15T18:56:42Z,0
@windywulandari4460,"Asli ngakakkkkkğŸ˜‚ğŸ˜‚ğŸ˜‚ğŸ˜‚
Baru sekali ini nonton masuk ke podcast nya, iih suka â¤ğŸ˜…ğŸ¥°ğŸ’ƒ",2025-11-14T11:27:04Z,0
@Iyanjacksonagnation,Jambal roti 1/4 ğŸ˜‚ğŸ˜‚ğŸ˜‚ğŸ˜‚ğŸ˜‚,2025-11-13T18:57:30Z,0
@salwaputri125,"pecahhhhhhhhh gokillll, ketawa terus tiap menit",2025-11-12T07:08:01Z,0
@Ryoheihayashi-b6l,"Salasa,rebo,jumaah : Sarboah ğŸ¤­ahaha heeuh hideuh ari si iky teu kira2ğŸ˜†ğŸ˜†",2025-11-07T06:55:18Z,0
@SitiKhodijah-u1i,Respect banget nih bapak-bapak,2025-11-06T01:56:00Z,0
@littaratri5270,Wkwkwkwk,2025-11-05T05:11:37Z,0
@dellaastriyani2710,demi apapun ngakak sampe nangisğŸ¤£ğŸ¤£ğŸ¤£ğŸ¤£ğŸ¤£,2025-11-03T15:28:36Z,0
@SariPutri-x6v,Kwkwkwkw bapak2 kocak bgt pas ngomongin harga2 kebutuhan bayi ğŸ˜‚ğŸ˜‚ğŸ˜‚,2025-11-03T12:49:08Z,0
@MutiaraAgustin-g3k,Anjir paguyuban urang sunda euy ğŸ˜‚ğŸ˜‚ğŸ˜‚,2025-11-02T08:57:53Z,0
@yogisaputra2546,"Darto anjing ğŸ˜‚ğŸ˜‚ğŸ˜‚ diem dapet duit ,,,, tapi lanjutkan icon bang keren",2025-10-30T19:39:38Z,0
@heriniseptiana6925,Gak brenti ngakaaaakkkk..ğŸ¤£ğŸ¤£ğŸ¤£ğŸ¤£,2025-10-30T16:20:52Z,0
@sherlymarcellyn1373,Dari awal sampe akhir full ketawa gilsss seru bangetğŸ¤£ğŸ¤£,2025-10-30T09:08:43Z,0
@sherlymarcellyn1373,"Nu garelo hgkl ieumah dihijkeun, tekuat hayang seuriğŸ¤£ğŸ¤£ğŸ¤£",2025-10-30T09:03:57Z,0
@LOLSnap-93,Ngedadak sunda vibes ğŸ˜‚ğŸ˜‚,2025-10-29T07:19:37Z,0
@dellarosliana8273,Seru bgtttt sampe teu karasa,2025-10-28T07:04:39Z,0
@ulanur6237,Surya kayk aku banget klo ada yg bahas t*i rasanya pingen mual,2025-10-28T06:01:34Z,0
@Yurichinatsu08,Putu : pencari uang tenaga uap,2025-10-26T15:27:36Z,0
@diannughie4737,asa nonton parodi Sunda euy wkwk,2025-10-26T02:51:29Z,0
@andreaanggisaputra1315,Anjir nggok dari keluarga spanyole,2025-10-24T23:13:21Z,0
@LaundryLaundry-pb6uu,Berilah contoh untk tunas bangsa ..tanpa harus menggunakan bahasa hewan...,2025-10-24T06:33:32Z,1
@LaundryLaundry-pb6uu,Lepas kan bhs hewan yg gk pantas untk di dengar ...kalian punya anak2 jngn sampe nonton dn tau mulut bpk nya se kasar itu,2025-10-24T06:32:54Z,1
@LaundryLaundry-pb6uu,Alangkah baik nya mas2 atau bpk2...kalian pablik figur...tolong bahasa hewan nya di telan dulu...krn mungkin ada anak2 di bawah umur yg nonton...,2025-10-24T06:31:52Z,1
@purwatiwati3206,Bener kok pakai ujug tiker di potong fikik aja biar cegukan nya ilang,2025-10-24T02:53:53Z,0
@nahdaalnaira9650,Seruuu bangett obrolan bapack bapack yng satu frekuensi giniiiiiğŸ˜‚ğŸ˜‚,2025-10-24T01:57:24Z,0
@NorFaridah-v2u1w,Klau jd iki aku diem aja gak ketawa soalnya gak lucu,2025-10-22T22:46:21Z,0
@BalindaRista,"aih itu nama Aku, Balinda.
Padahal ga ada darah bali, tp ada sunda nya sih hhehe",2025-10-22T08:10:17Z,1
@efifitriani4773,"Bang surya udah Haji, jangan sebut2 anjing lg donk",2025-10-21T13:40:29Z,0
@ichalcuex9259,ok,2025-10-21T08:20:58Z,0
@najilanajili1072,KTP 30 senti kmha mawana ğŸ˜‚,2025-10-21T05:09:43Z,0
@RandomPisan-o9p,Sunda prideeeeeeğŸ˜‚,2025-10-19T15:53:56Z,1
@BaoSukarta-i9x,Neks Reza arab dongğŸ˜Š,2025-10-19T10:33:00Z,0
@uwietrp,Percaya ga percaya. Anakku udah 7thn tp ada bau mulutnya yg masih bau waktu dia bayi loh kecuali bangun tdr yah haha,2025-10-19T08:00:55Z,3
@sekuljulid1528,riiill obrolan bapak-bapak,2025-10-19T04:07:23Z,0
@dewialfi2058,"Wkwk ""sensitif sama rusak beda"" ğŸ˜‚",2025-10-18T17:02:02Z,0
@maulanaikbal7684,Undang Ageng Carlitos min,2025-10-18T12:29:52Z,0
@yusrianaadnan,"Iyaa bener tuh kak omesh...jangan sampe beda2in tiap anak fasilitasnya, kecuali ada beberapa item yg bisa diturunin",2025-10-18T00:27:53Z,1
@ghiaroy8232,Lebih malu lagi kalo ngadanin jadi takbir ğŸ˜…,2025-10-18T00:26:37Z,0
@yusrianaadnan,"Kaki Lima, kirain wrg pecel kaki  5ğŸ¤£ğŸ¤£",2025-10-18T00:21:21Z,0
@DeviFitriyanti-m9j,PecahhğŸ˜‚,2025-10-17T16:14:35Z,0
@pakehurufN,anyink 4 urang sunda,2025-10-17T10:53:30Z,0
@NiqUniq,Sumpah ngakak banget ğŸ˜‚ğŸ˜‚ğŸ˜‚,2025-10-17T09:32:02Z,0
@NiqUniq,Ngakaaaak ğŸ˜‚ğŸ˜‚ğŸ˜‚,2025-10-17T09:29:16Z,0
@madesukreni69,ini baru je ngakak parah,2025-10-17T07:03:23Z,0
@HaniIslamiati,Mantap pisan enak seuri wkwkwkwğŸ˜‚ğŸ˜‚,2025-10-16T15:42:58Z,0
@HaniIslamiati,Mantap pisan enak seuri wkwkwkwğŸ˜‚ğŸ˜‚,2025-10-16T15:42:54Z,0
@ekakusnadi3152,"Omes ampun ,aing ampe nyurcud cai mata gara gara seserian",2025-10-16T13:23:39Z,0
@ElyaNurhanifa-b6n,Seru bangetâ­ï¸â­ï¸â­ï¸â­ï¸â­ï¸,2025-10-16T13:04:33Z,0
@liarahmawati5364,pecah banget gilaaakğŸ¤£ğŸ˜­ğŸ˜­,2025-10-16T04:48:20Z,0
@grifiherfika4026,"Gara2 nonton short duluan, nyari pake keyword ""podkesmas asep jaelani""",2025-10-15T16:31:02Z,0
@rasultriputra7653,"RIZKY FEBIAN EMANG LUAR BIASA, TIADA TARA KALAU UDAH BERNYANYI. EMANG MULTI TALENT  #SALAMDARIPADANG KY
TETAP RENDAH HATI DAN TERUS BEKARYA.",2025-10-15T16:01:33Z,6
@ketutmertaasih8383,Dari awal nonton podcast ini ngakak terusğŸ˜‚ğŸ˜‚ğŸ˜‚,2025-10-15T14:24:49Z,0
@asepfulloh9157,"Shelina 
Panglan y lina,,ibu y iki almarhum",2025-10-15T08:36:05Z,0
@QwertyQ-t5f,Sarboah plis ğŸ«µğŸ˜¹,2025-10-15T08:36:01Z,0
@adeliaramadani6946,Tongkrongan bapak2 ini seru jga ğŸ˜‚,2025-10-15T06:37:16Z,0
@nadaaina67,"iky kek'y d undang kmn aja seru ya.. gampang bgt bergaul, nyambung ma sapa aja",2025-10-15T05:55:47Z,0
@miliamili-x7r,42:20 ngakak parah ya ampun,2025-10-15T05:46:58Z,0
,"eh baru ngeh dari pak surya bahasa sundanya hernia itu burut, di dayak hernia itu burut juga",2025-10-14T15:05:36Z,0
@AdriansyahRiswan,lucuu pisann mang euyy mun rada nyunda kieu teh kaciwwwwww,2025-10-14T13:02:36Z,0
@0900807242,AjaaaaalğŸ˜‚,2025-10-14T02:54:41Z,0
@oktanurhasanah6757,nyesel bat w kali ini makan smbil nnton podcastğŸ˜¢,2025-10-14T01:34:21Z,0
@NaylaPiero,ğŸ˜‚terngakak podcast ini,2025-10-13T22:23:31Z,0
@rifkypratama69,Tiap buka medsos selalu denger lagu itu ğŸ˜·,2025-10-13T20:33:48Z,0
@edahzubaedah4382,Pecah bgt ketawa trs ğŸ˜‚ğŸ˜‚ğŸ˜‚ğŸ˜‚â¤,2025-10-13T12:21:15Z,0
@sitimaesyaroh6416,nggok asbun banget wkwkwkwkwk,2025-10-13T08:30:20Z,0
@yuspidasitorus9234,"40:07 ""Garam"" dalam bahasa Jawa juga ""uyah""",2025-10-13T04:33:27Z,1
@cyrillus_dheofficial,ğŸ˜‚ğŸ˜‚ğŸ˜‚ğŸ˜‚ğŸ˜‚ kocak amat,2025-10-13T04:02:26Z,0
@heniyoyi,Bapak bapak ngobrolin bayi ..lucu betttt,2025-10-12T08:30:33Z,0
@Pepz_Doang,Hahahah.. kocakk parah.. ğŸ˜‚ğŸ˜‚,2025-10-12T06:27:36Z,0
@RichiNardo,Bapaks bapaks hebat,2025-10-12T03:46:06Z,0
@mommysofie8347,"Bisa"" nya gw ngakak guling"" pas part kata SIAL SIAL ğŸ˜‚",2025-10-12T00:38:30Z,0
@hpnakal2656,Kesini gara2 lagu viralğŸ˜‚,2025-10-11T15:41:54Z,0
@danisetyowati1929,BAPAK BAPAK BAHAS PUP BAYI ğŸ˜­ğŸ˜­ğŸ˜­ğŸ˜­ğŸ˜­,2025-10-11T04:35:01Z,0
@violaalmeera6823,"Tetap sopan terhadap yg lebih tua
Ngga start sindrome",2025-10-11T04:32:51Z,0
@20.127rufaidahkarimah,"Lucu keduaini, setelah pocast yang sama oki renggağŸ˜‚ğŸ‰",2025-10-11T03:58:08Z,0
@shantyaja3138,"Maksimal 4 anak kalo lahirnya cecar,aku juga gitu anak 3 cecar tapi yg ke empat keguguran jalan 3 bulanğŸ˜¢",2025-10-11T03:43:14Z,0
@androgaming18,P,2025-10-11T02:36:57Z,0
@unlockverse,...kalau ada sembilan naga,2025-10-11T02:03:32Z,0
@PringlessourCream-lm5iw,SARBOAHğŸ˜‚,2025-10-10T19:31:05Z,0
@MILONG_CHANNEL,43:30 ğŸ˜…ğŸ˜…ğŸ˜…,2025-10-10T17:33:18Z,0
@zeidanfahenza3583,ccc,2025-10-10T17:19:00Z,0
@ekaaprianaermawati2478,Kaya ga podcast ini mah ğŸ˜‚ obrolan tongkrongan cowok2,2025-10-10T14:59:11Z,0
@medybrawny7756,the real obrolan tongkrongan bapack2 kalo di pos ronda atau di warung kopi ini mah ğŸ¤£,2025-10-10T14:20:33Z,0
@rifqyraihan,anying aing keur dahar rizky anak sule ah kehed,2025-10-10T12:55:53Z,0
@PrasMarti,Ternyata banyak ya pelawak berkedok penyanyi.... Ngakak jungkir balik jadinya,2025-10-10T12:42:57Z,0
@daniraisatasya717,y,2025-10-10T11:00:37Z,0
@meqgapuspita9322,8:36 bang yg namanya tai ya bau. Ketauan bangat bapak2 gak pernah bantu istri nyebokin bayi nya,2025-10-10T10:06:36Z,0
@nelissintiani2145,Asli suka banget sama cowok Sunda uda ganteng humoris pula ğŸ˜‚,2025-10-10T09:23:47Z,9
@mangepot2429,Sunda semua jir wkwk,2025-10-10T08:07:51Z,0
@admusy,Iya lagi kaya alien pas anak berojol ğŸ˜…,2025-10-10T06:24:16Z,0
@ItaKartini-l2x,Karena orang suna resep heureuy jadi klop aja becandaan nya dorderdar ngakak bintang tamu sama yang punya podcast nya,2025-10-10T06:07:22Z,0
@JeriArdiansyah-f9k,Jambal roti seperapatğŸ˜‚,2025-10-10T04:19:27Z,0
@sikjms-x8c,"ngomongin politik sambil becanda seru kali ya, undang pak anies dong :D",2025-10-10T02:58:47Z,1
@vania-70-w1m,ğŸ˜‚ğŸ˜‚,2025-10-10T02:29:17Z,0
@nefiiiReaction,pantesan chemistry dapet banget semua orang sunda suka becanda semua yg ada dipodcast ini ğŸ˜‚ kecuali sidarto,2025-10-10T01:51:39Z,0
@dewawisesa9974,Anjirrr... Ngakak ngakak parah.sampe diusir sama suster jaga RS.ğŸ˜‚ğŸ˜‚ğŸ˜‚ğŸ˜‚...,2025-10-09T20:58:17Z,0
@ArsyadIsmail-wx4tx,Invite kang sule dong... Pasti rame,2025-10-09T16:54:39Z,0
@AsAs-xm1yy,Sehat2 rijkiâ¤â¤,2025-10-09T16:29:18Z,0
@dwiikhsaniiii,OMESH LUCU BANGET TEKUATğŸ˜­ğŸ˜­ğŸ˜­,2025-10-09T16:02:15Z,0
@rubyinsani5438,"Bukan mau hujat,tp gua ngeliatin ngok ngomong tuh berasa pegel bgt kaya gapernah masuk timing nya âœŒï¸ğŸ™",2025-10-09T15:30:49Z,0
@WitaLestari-wy2pq,Lucu bget obrolan bapakÂ²ğŸ˜‚ ternyata kyk ibu2 jugağŸ˜‚,2025-10-09T14:02:03Z,5
@ViaFitriani-xh6tu,"Yang tiker jadul di tempel di kening itu bner ada budaya sunda daerah ku, katanya biar anak berhenti gak cegukan lagi",2025-10-09T13:31:39Z,0
@triendahp4127,Sur dengerin ankmu tuh istrht jgn diambil semua kerjazn ... istrht,2025-10-09T13:24:48Z,0
@elanurlaelasari3444,"Asa lalajo tongkrongan bapak2 urang sunda,eta ning ceuk si anjing teh salah naon urang mang di sebutan wae ceunah ğŸ˜…",2025-10-09T12:40:41Z,0
@nalasahita,Bapak bapak green flag â¤,2025-10-09T12:31:07Z,1
@MeykaWibowo,Asep jaelani ini salah satu artis yg bisa masuk kemanapun,2025-10-09T11:59:13Z,1
@Edhyarjuna,Hari ini Bang Omes gak ngantuk MVPğŸ˜‚ğŸ˜‚ğŸ˜‚,2025-10-09T11:49:19Z,0
@indral378,"Kapan ya podkesmas undang ayu ting ting, ngga sabar nih",2025-10-09T11:25:16Z,0
@ajengpuspitasari2810,Ngakak bgt ep. Ini haha,2025-10-09T08:30:24Z,0
@riskyfebriyanti6891,Sarboah parawan centil ğŸ˜‚,2025-10-09T07:34:24Z,0
@syifauzias,a omesh lucu pisannnn kyk nemu comfort zonenya ğŸ˜­ğŸ˜­ğŸ˜­ğŸ˜­ğŸ˜­,2025-10-09T07:02:47Z,0
@qianzyofficial,bahagia semua nya,2025-10-09T06:23:10Z,0
@PaPa_ASEP,Aya naon ky ğŸ˜‚ğŸ˜‚ğŸ˜‚ğŸ˜‚ğŸ˜‚ğŸ˜‚ğŸ˜‚ğŸ˜‚,2025-10-09T06:00:49Z,1
@NenengSitimariah,Suamiku harus nonton ini.,2025-10-09T05:37:01Z,1
@janeesther,â˜•ï¸ğŸ©,2025-10-09T05:33:21Z,0
@bektinoorh,astagahh ngakak terus,2025-10-09T04:34:02Z,1
@GarutTurunanKidul,Ngoonah seuri,2025-10-09T03:36:34Z,1
@Najma-c9f,Bapaku JAELANIğŸ˜¢,2025-10-09T03:23:16Z,1
@FujiAstuti9128,Seru banget nontonin bapakÂ² gibah ga berenti ketawain dari awal sampe akhirğŸ˜­ğŸ¤£ğŸ¤£,2025-10-09T03:03:57Z,6
@Hendri_Fajar,"Sur mata lu mulai sayu, udah keliatan mata panda juga... istirahat surrr...",2025-10-09T02:35:38Z,22
@falipipit7824,Jir keur tuang lalajo ieu geloo siah Jol ngureuy,2025-10-09T01:20:48Z,1
@afifahh_rn,hahaha kocak kocak kocakğŸ˜­ğŸ«¶,2025-10-09T00:02:26Z,3
@boxbox351,Closingnya edan.,2025-10-08T23:37:38Z,1
@nurulfauziah3659,ğŸ˜‚ğŸ˜‚,2025-10-08T20:25:18Z,0
@hasanahfitri4803,ketawa abiieezzğŸ¤£ğŸ¤£,2025-10-08T16:50:04Z,1
@imansyah7133,"40:55 java batagor,ngeunah seuri ajig haha",2025-10-08T16:46:47Z,1
@putripermatahati3304,Eps nu paling ngakak ğŸ˜‚ Capek seseurian ğŸ¤£ Sehat-sehat Kalian ğŸ˜‡,2025-10-08T15:51:33Z,1
@riyansyah6118,Undang king aloy dong biar seruâ¤ğŸ‰ğŸ˜‚,2025-10-08T15:24:15Z,2
@megasalsabilla9698,UNDANG ABAH SULEWW,2025-10-08T15:09:42Z,1
@adolfbastian661,41:33 sarbo'ah ğŸ˜…,2025-10-08T14:10:59Z,0
@shinanureninazilah7183,Thatâ€™s â€œkhas tai bayiâ€ ğŸ˜‚ğŸ˜‚,2025-10-08T13:52:44Z,1
@sejuksenja,Seru banget sumpah episode ini..kurang lama euy hahaha,2025-10-08T13:11:52Z,4
@snrbulan,di jawa garem jg uyah namanya,2025-10-08T12:56:28Z,0
@Noise_tv11,Selalu hadir,2025-10-08T11:53:48Z,0
@JangdoelUjang,Siapa yang kesini garaÂ² Nemu di Ig ğŸ˜…,2025-10-08T11:53:29Z,1
@indpsjhd,podkesmas kalau ada celahnya undang melaney richardo dong,2025-10-08T11:32:59Z,2
@aidaceha5,"gara2 rizky febian sy ek cenel ini dan subcribe.....ternyata bapak2 muda ini  kerjaaaa terus, keren, iky lucu natural..emang gen sule",2025-10-08T10:39:25Z,2
@LilianYuniswara-ht6rb,Kalau adaa sumur di ladang,2025-10-08T10:39:19Z,1
@yantiyanti5599,ngakakk rame bangettt ğŸ˜‚,2025-10-08T09:49:37Z,1
@AbdrahmanK3,Seru tanpa ribet? Ke ğŸ®MINI1221 ğŸ‘ŸğŸ®,2025-10-08T09:12:47Z,0
@Nose-y9i,Klik â–¶ï¸ dan tancap ke ğŸ®MINI1221 âš¡ğŸŒŸ,2025-10-08T09:12:47Z,0
@greenaquasl342,Seru tanpa ribet? Ke ğŸ®MINI1221 ğŸ‘ŸğŸ®,2025-10-08T09:12:47Z,0
@Snookertimeyt,Waktunya hiburan: ğŸ®MINI1221 sekarang! ğŸ¯âœ¨,2025-10-08T09:12:47Z,0
@Bhaktivibes77,Waktunya hiburan: ğŸ®MINI1221 sekarang! ğŸ¯âœ¨,2025-10-08T09:12:46Z,0
@Naughty_ha_2M,Klik â–¶ï¸ dan tancap ke ğŸ®MINI1221 âš¡ğŸŒŸ,2025-10-08T09:12:38Z,0
@MikeKoyabisa-cr2lv,Gaskeun! Serunya ada di ğŸ®MINI1221 ğŸ”¥ğŸ®,2025-10-08T09:12:31Z,0
@drointv,"Langsung gas, langsung mainâ€”ğŸ®MINI1221 ğŸ•¹ï¸âš¡",2025-10-08T09:12:29Z,0
@commenter44,Seru mode: aktif. Ke ğŸ®MINI1221 yuk! ğŸ”›âœ¨,2025-10-08T09:12:21Z,0
@shyamsanchar2028K,"Ayo, pilih dan main di ğŸ®MINI1221 ğŸ•¹ï¸ğŸŒˆ",2025-10-08T09:12:20Z,0
@FLOWER_IN_KERALA,Waktunya main! Gaspol ke ğŸ®MINI1221 ğŸ•¹ï¸ğŸ”¥,2025-10-08T09:11:49Z,0
@Resoreso276,Mode hiburan ONâ€”ayo ke ğŸ®MINI1221 ğŸš€,2025-10-08T09:11:49Z,0
@truongphongpham2226,Letâ€™s play! Mampir ke ğŸ®MINI1221 ğŸ®ğŸŒŸ,2025-10-08T09:11:39Z,0
@respectshorts-0420,Lagi pengen seru-seruan? Meluncur ke ğŸ®MINI1221 âš¡,2025-10-08T09:11:30Z,0
@gaming123-h9b,Lagi pengen seru-seruan? Meluncur ke ğŸ®MINI1221 âš¡,2025-10-08T09:11:29Z,0
@Vellakhosacomdey,Waktunya main! Gaspol ke ğŸ®MINI1221 ğŸ•¹ï¸ğŸ”¥,2025-10-08T09:11:29Z,0
@mbrobul2691,Siap seru? Gas ke ğŸ®MINI1221ğŸ® âœ¨,2025-10-08T09:11:28Z,0
@Moamen-Tag-official,Mode hiburan ONâ€”ayo ke ğŸ®MINI1221 ğŸš€,2025-10-08T09:11:28Z,0
@LumsiQue,Episode kali ini pecahhhğŸ˜‚ğŸ˜‚ğŸ˜‚... Aq ndengerin dr awal sampek akhir.... Biasanya skip klo gak menarik ğŸ¤­,2025-10-08T09:02:39Z,2
@apot_ajaelani,Asep Jaelani ğŸ¤­,2025-10-08T09:02:24Z,1
@NurHasanah-hk8vy,"Surya kenapa lu,owa owe,kalau lu lagi ee gimana,apa lu owa owe juga????",2025-10-08T08:56:26Z,1
@nabilanurullita8391,podkesmas kalo bintang tamu nya dari sunda pasti pecah soalnya bapak bapak ini kebanyakan ngomong sundağŸ˜‚ğŸ˜‚ kecuali darto,2025-10-08T08:52:15Z,9
@rizayanwari,Full sunda hahaha,2025-10-08T08:51:33Z,1
@lindakustiwi6733,Pokona Mun urg Sunda kumpul seru weğŸ˜‚,2025-10-08T08:49:08Z,1
@moodinlaw,Iiihhh rame geuning aya s iki mah,2025-10-08T08:40:28Z,1
@miminansu3391,Anakku kayang...bisa kompakan gerakannya ğŸ˜‚,2025-10-08T08:10:59Z,1
@vitanona,nerbener deh ngakak sampe ngik ngik ni lohhhğŸ˜­ğŸ˜­ğŸ˜­,2025-10-08T08:09:42Z,1
@NatasyaSabage-z9h,Next undang ayu tingting dong,2025-10-08T08:08:30Z,1
@rinioktarini5020,Klo ada sumur di ladang boleh kah kita menumpang mandi. Klo ada umur yg panjang boleh kita berjumpa lagi.,2025-10-08T07:17:36Z,1
@nadsoraychannel,Aaaa gemeccv kocaggggğŸ˜‚,2025-10-08T06:56:31Z,1
@auliarahman6936,Jelek-jelek semua ga ada yg ganteng,2025-10-08T06:49:58Z,1
@FaizalErwanda,"humorku sebatas ""timang-timang, anakku kayang"" trus mereka berlima kayang semua ğŸ˜­",2025-10-08T06:32:16Z,3
@HilmiePrahsetyo,dengan gagah berani makan sambil nonton bapak2 ngomongin tai:),2025-10-08T06:29:00Z,1
@triadityawinata7885,"KALIAN MENERTAWAI, KETIKA MENDENGAR NAMA ASEP.
ASEP ITU ASLI NAMA SUNDA.
SEOLAH ORANG YANG BERNAMA ASEP ITU, TERBELAKANG.

BENAR KATA KDM, ORANG SUNDA SUDAH HILANG KE SUNDAANNYA.

ğŸ˜ŒğŸ˜ŒğŸ˜ŒğŸ˜Œ


BENAR KATA",2025-10-08T06:04:35Z,0
@deniirawan-gy6ku,undang ayahnya setelah anaknya.....hehe,2025-10-08T05:50:03Z,1
@daliiki4225,jos,2025-10-08T05:49:12Z,0
@adrianakbarpangestu56,omesh onfire wkwkw,2025-10-08T05:45:20Z,1
@BelindaKombinasi,Mulai menit 39 ngakak teros,2025-10-08T05:43:03Z,0
@muhamadmuhamad-vn6un,Kocak iky,2025-10-08T05:31:50Z,0
@tarisaaaptr,FULL NGAKAK PARAHğŸ˜­ğŸ¤£ğŸ¤£ğŸ¤£,2025-10-08T04:52:56Z,0
@deawidia30,Bahahahaha sumpah ngikikkk anjrottt,2025-10-08T04:29:46Z,0
@khoiriyahyaya5005,Undang oki lukman dong ommm suryaaa,2025-10-08T04:10:24Z,1
@Goodgamers05-05,"Betul omesh, gw anak kedua dst diusahakan belikan baju newborn,selimut yg baru2,baju newborn anak pertama gw kasihkan siapa yg mau",2025-10-08T03:37:21Z,0
@wonuaddict,OMEEESHHH PETJAH BANGET KALI INI ğŸ‰ğŸ‰ ga keliatan momen ngantuknya,2025-10-08T03:35:48Z,0
@nadksnj,lucu banget kalo ada podcast sunda wkwkwk,2025-10-08T02:51:08Z,0
@dianhardianto1416,".Gk asiik bgt penutupnya, jadi golkar dong sur",2025-10-08T02:30:33Z,0
@riskawijayanti7440,"Baru nonton 15 menit, ngakak pol ğŸ˜‚",2025-10-08T02:14:01Z,0
@Thulanieany,Jafa batagorğŸ˜‚ğŸ˜‚ ngakak,2025-10-08T02:08:34Z,0
@sutrisnosutrisno8383,Undang Ariel NOAH dong heheğŸ˜…,2025-10-08T01:41:17Z,0
@Hahahihi-y5p,A Surya kayanya enjoy bgt yaa kalo lg ngomong sunda tuh,2025-10-08T01:08:59Z,0
@pawwpy,Cape ketawa pliss gokil pecah banget episode iniğŸ˜‚,2025-10-08T01:08:43Z,1
@Siliwangi_ent,"aya statement : indonesia lagi ter padel padel.... Ceuk aing teh ; Sia we da beunghar,boro boro padel,keur lolodok oge masih ripuh",2025-10-08T00:34:55Z,2
@salwanajla4788,Next undang Rony Parulian,2025-10-08T00:18:27Z,0
@tetysulastri409,Ngakak terus ğŸ¤£ğŸ¤£ğŸ¤£,2025-10-07T23:38:47Z,0
@mhrooney9638,iky tanpa promosi aja sbrny lagunya udh booming diawal sblm rilis,2025-10-07T23:31:27Z,1
@sitirohmatnur2094,Kocakk parahh podkesmas kali iniğŸ˜‚,2025-10-07T22:59:10Z,0
@sintiajoya4179,Sarboahhhh ğŸ˜‚,2025-10-07T18:51:04Z,1
@afdalmuhamad2400,"Nonton ampe 3 kali masih aja ngakak ini eps terseru si ,nyambung iki dan yang lain kecuali darto karna ga bisa sunda wkwkw",2025-10-07T18:45:18Z,2
@sofiannurrachmat1120,Surya mual gua happy,2025-10-07T18:43:43Z,1
@ImanNurdin-e2t,Episode terngakak.... ğŸ¤£ğŸ¤£,2025-10-07T18:27:24Z,1
@fanixdzt9296,req aloyy bangg,2025-10-07T18:16:16Z,1
@mubassyirotunnikmah30,Undangan Rony parulian,2025-10-07T18:13:17Z,1
@mubassyirotunnikmah30,Undangan Rony parulian dong kak,2025-10-07T18:13:05Z,1
@BubaMizyana,Darto darto ngakak gua ğŸ˜‚,2025-10-07T17:02:14Z,1
@zul.overflow,"""AJAL"". sakit perut gw cok asli ğŸ¤£ğŸ¤£",2025-10-07T16:44:01Z,1
@riasepti01,Ngakaaaakkkkk ampe nangis2ğŸ¤£ğŸ¤£ğŸ¤£ğŸ¤£ğŸ¤£,2025-10-07T16:39:26Z,1
@riasepti01,Seru bgt anjayğŸ˜‚ ngakak bgt dari awal epsğŸ¤£ğŸ¤£ğŸ¤£ğŸ¤£,2025-10-07T16:34:50Z,0
@BubaMizyana,Ahuyy seru nih,2025-10-07T16:29:36Z,1
@riyandadewilestaritahirek2929,Sarboah ğŸ˜…,2025-10-07T16:20:51Z,0
@suherni5658,"Rame ihhh ,,, asa nyambung ,,serasa ikut nimbrung ngobrol ma mereka ..ğŸ˜‚",2025-10-07T15:54:25Z,0
@zarasedunia,terlalu geeer,2025-10-07T15:23:49Z,1
@dhiniputri6370,"Aduhhh ngakak bgt episode ini astaghfirullah,sampe pipis pipisğŸ˜‚",2025-10-07T15:19:26Z,0
@neoma-kun,ASBUNNYA NGAKAK BANGET ANJIIRRR,2025-10-07T15:10:57Z,0
@miarafimiarafi9794,"Ternyata begini obrolan bapak"" pd ngmpul yaaa. . ğŸ¤£ğŸ¤£",2025-10-07T15:10:49Z,0
@aldilutfiansyah9070,SARBOAH : SELASA RABU JUMAT,2025-10-07T14:46:55Z,0
@cucubatmantv1775,Kapan undang ADI ARKIANG ğŸ˜‚ğŸ˜‚ğŸ˜‚,2025-10-07T14:41:31Z,1
@algorhythm0120,15:42 epicğŸ˜‚ cm darto kurg kompak,2025-10-07T14:19:37Z,7
@IllyasReviBahar,gas besok Ua donggg,2025-10-07T14:09:38Z,1
@bangrudyy7176,Lucuuuu anyingğŸ˜‚ğŸ˜‚,2025-10-07T14:03:37Z,2
@unsur_hara,Ga nyangka Aa iky rasanya baru kemarin liat di OVJ dan Pas Mantab masih bocil seumur an Ferdy sambil nyanyi 'Papa Telepon' eh skrg udah masuk Circle Bapak2 dan nyambung seperti temen tongkrongan seumur an...ğŸ˜‚,2025-10-07T13:56:46Z,8
@Netizone_TV,wkwkkw 5 sunda 1 jawa jadi ripuh mang darto wkkw,2025-10-07T13:53:38Z,0
@snoppybee2069,"kumpulan bapak2 cringe ğŸ˜‚, tapi seru",2025-10-07T13:47:43Z,0
@Harrychannel5959,Jiwa Seniman yg komplit yaa anak2 Kang Sule.... ğŸ˜‚ğŸ˜‚ğŸ˜‚,2025-10-07T13:40:46Z,15
@kartikaprasetyo8613,Sarboah pecah sih,2025-10-07T13:40:27Z,1
@AiniPupus,Sumpah capee ngakakkk banget ğŸ˜‚,2025-10-07T13:29:54Z,1
@mukhtafalabeng4921,Bapak - bapak ini kalo combo pecahhh bangetttt,2025-10-07T13:17:24Z,1
@AinulIffa,11:34 setuju bgt si..bau mulut bayi seger bgt,2025-10-07T13:11:51Z,1
@stephanieputrision6712,Anjir darto ngerti jg baju c59ğŸ˜‚ğŸ˜‚,2025-10-07T13:03:33Z,1
@nesyasuhaibah1147,Aduh cape pisaaannnğŸ¤£ğŸ¤£ğŸ¤£,2025-10-07T12:41:07Z,5
@adeprita,Obrolan tongkrongan pakbapak seruuu bangeeet iniii,2025-10-07T12:09:26Z,107
@djuanputrantonugroho811,Satu server semua bjir 15:35 wkwkwkwk,2025-10-07T11:51:04Z,1
@Santikah12,Awal wkwkkw mana lagi makan mieeğŸ˜…,2025-10-07T11:50:38Z,1
@kfrkudinx,"Baru ngeuh hari-hari ini beranda YouTube selain dipenuhi king aloy , dipenuhi muka iky juga, ternyata emang sekalian promo lagunya, tiap buka beranda isinya 9 nyawaqaa",2025-10-07T11:36:35Z,21
@defaalmo2646,Udah pada serius nyimak eh jadi sarboah ğŸ˜‚ğŸ˜‚ğŸ˜‚,2025-10-07T11:35:56Z,1
@dendiramadhan1600,Relate banget anjir obrolannya wkwk ğŸ˜‚,2025-10-07T11:35:46Z,1
@KratonBola_N01,"Asli sih ketinggalan ngakak aku , pecah banget episode kali ini  ğŸ‰ğŸ‰ğŸ‰ğŸ‰",2025-10-07T11:04:11Z,3
@farahmuharni1898,"Bapak bapak asbun , ngeliat Golongan jadi Karya ğŸ˜‚",2025-10-07T10:45:50Z,1
@cicidwi702,"Terimakasih untuk obrolan pada menit ke 8, sangat....menemani orang sedang makan ğŸ˜ŠğŸ˜ŠğŸ˜Š",2025-10-07T10:17:33Z,1
@azismisbatul8554,Timang timang anakku kayang ğŸ˜‚,2025-10-07T10:13:57Z,1
@mounkey24,"39:27 "" mukanya dibubut "" ketawa sampe nangis ğŸ˜‚",2025-10-07T09:56:16Z,3
@Satisfyingindonesia45,ngeunah seuri ieumah ğŸ˜‚ğŸ¤£ğŸ˜‚ğŸ¤£,2025-10-07T09:42:12Z,4
@monicasavitri2583,"Undang Afgan donggg, haji Afgan tuhhh ğŸ˜‚",2025-10-07T09:41:37Z,1
@MiaAmelia-d6i,Sarboah ğŸ¤£ğŸ¤£ğŸ¤£ğŸ¤£ğŸ¤£,2025-10-07T09:38:39Z,1
@YusmanMakbulSani,"orang sunda keur ngumpulmah ""Pepeus""",2025-10-07T09:19:36Z,1
@shortflemstory1,p,2025-10-07T09:19:22Z,1
@dayanafarabi,KOCAKK PARAHH WKWK,2025-10-07T09:05:41Z,1
@syakirin6214,anjairr dibubut gatuh mag dartoğŸ˜‚,2025-10-07T08:59:23Z,1
@Tubagusmp,tah akang nu eta mun teu tunduh mah kitu tah ğŸ˜‚,2025-10-07T08:58:17Z,1
@RipairChenl,ğŸ˜‚ğŸ˜‚ğŸ˜‚ğŸ˜‚ğŸ˜‚Ngakak,2025-10-07T08:40:26Z,1
@indirrach,kocak bgt ni episodeğŸ¤£ğŸ¤£ğŸ¤£ğŸ¤£,2025-10-07T08:32:05Z,1
@arischaamoy3223,Podkes bapak2 lebih seru drpd podkes ibok2 ğŸ˜­,2025-10-07T08:21:29Z,12
@extxertaz8383,"FYI, Bali sering disebut juga Sunda Kecil, karena banyak kemiripan.",2025-10-07T08:20:30Z,55
@AnissyaOrbit,pak surya tau jambal roti gue ngakak anjir wkwkwk,2025-10-07T08:19:25Z,4
@Oren_yt,37:13 maksudnya potongan tiker (samak),2025-10-07T08:07:42Z,5
@MDikri-fo7rj,DARTO pecah bangettt Ngakakak,2025-10-07T07:50:06Z,2
@RizwanMaulana-y2p,omesh gerrrrr parah ğŸ˜‚ğŸ˜‚,2025-10-07T07:48:16Z,1
@mpradiskahabibie2161,"Udah 4 orang hostnya masih aja cuma 49 menit,susah cari topik ya om om semua",2025-10-07T07:47:36Z,1
@22outlets,"Jokes Surya relate banget, kasihan jadi bayi ğŸ˜‚ğŸ˜‚",2025-10-07T07:25:38Z,11
@rizkifadhillah1315,Amjir lah salah nonton episode ieu bari dahar ğŸ˜­,2025-10-07T07:25:38Z,0
@forqonjunaedi7752,ngakak bangettt ajal..Asep jaelaniğŸ˜‚,2025-10-07T07:09:44Z,0
@bagussatriyovidio6473,"itu namanya Tedak Sinten, biasanya Bayi yg udh mulai bisa jalan atau merangkak....",2025-10-07T06:58:05Z,1
@namyraarrasia7844,Pecah banget episode iniğŸ˜­ğŸ˜­,2025-10-07T06:49:16Z,0
@sabdopandito27,"nama indonesia itu harus jadi identitas, bukan namanya yang bikin malu tapi kelakuan orangnya yang bikin namanya jadi direndahkan, nama nabi pun bisa jadi bahan ejekan kalo dipakai oleh orang yang salah
thailand, vietnam, india, korea, jepang, punya ciri khasnya masing2",2025-10-07T06:47:28Z,34
@DudungRukmana-c2r,Obrolan urang sunda.. Pasti seuseurian,2025-10-07T06:39:15Z,5
@Ikomangkaula,Sunda pride ieu mah anjir ğŸ˜‚,2025-10-07T06:36:13Z,13
@jembarsutejo345,Kurang kopi jeung udud na,2025-10-07T06:29:48Z,0
@KEJU4D,Kocakkk parahh JALAK4D ğŸ˜‚ğŸ˜‚â¤â¤,2025-10-07T06:18:15Z,235
@Muhammad_rizky.,Tiker pandan yang di maksud nggok bener kok itu untuk mengurangi cegukan,2025-10-07T06:16:59Z,0
@my.techanie,alamak juga jadi backsoundnya fangirl kpop kak ikiii hahaha mana pas bgt abis konseran,2025-10-07T06:02:21Z,4
@JIMä¸€,"*Atmosfir a Iki nongkrong dimana aja rame ,,z seruuu*",2025-10-07T05:59:23Z,7
@srirohmayanti7412,Penutup liat golongan jadi karya ğŸ˜‚ğŸ˜‚,2025-10-07T05:50:54Z,0
@rinybronjeszpdp3554,YaAllah ngakak banget pas di bebetğŸ¤£ğŸ¤£ğŸ¤£ğŸ¤£ğŸ¤£ bapak2 kocak,2025-10-07T05:47:12Z,0
@adolfbastian661,"Ampe nangis denger ""sarbo'ah"" ğŸ˜…ğŸ˜‚ğŸ˜‚",2025-10-07T05:32:15Z,2
@ahmaduj1995,Ker ngahuap ngomongkeun tae gera,2025-10-07T05:27:35Z,0
@adolfbastian661,Resep ah bodor sih Iky mahğŸ˜…,2025-10-07T05:16:45Z,0
@Sucirahmahlianita97,ğŸ˜‚ğŸ˜‚ğŸ¤£,2025-10-07T05:08:18Z,0
@erniwati8028,Omes ga ada panclan2 nyah nih die bae..sekalinya komedi kureng anyep,2025-10-07T05:06:33Z,0
@octeuw,nonton ini sambil makan ğŸ˜­,2025-10-07T05:06:31Z,0
@PadelPadel-c6c3b,Undang kdm ğŸ˜Š,2025-10-07T05:02:16Z,0
@renaariani130,Seru jugağŸ¥³ğŸ¥³ğŸ¥³,2025-10-07T04:47:50Z,0
@xixiayra,"kalau ada... sumur di ladang.. boleh kita.. berjumpa lagi..
keluang mulu keulang mulu..",2025-10-07T04:47:05Z,0
@diannurdiana7518,"sarua geuning jeung a omesh ngaran tukang na,.,hehehe",2025-10-07T04:36:05Z,0
@Blackgoatt,Anjirr podkes dar der dor kieu ğŸ¤£ğŸ¤£,2025-10-07T04:30:59Z,0
@SriWahyuni-ln2pr,"Disini darto jadi kesetnya 
Sabar dan sukses buat darto",2025-10-07T04:30:15Z,0
@dodiansyahferguson,PECAH BANGETTTTT DAR DER DOR TERUS....,2025-10-07T04:17:57Z,0
@scrtadmirrx,9:25 pak surya cpt bgt ğŸ˜­,2025-10-07T04:17:17Z,0
@JP.1811,Undang Nyoman Paul donk min ğŸ™ğŸ™ğŸ™,2025-10-07T04:13:43Z,0
@DaniRamdani-i5e,Kata Iki .sarboah itu judul lagu di jawa barat legenda Jawa yang nyanyi legenda Jawa barat nama yah DarsoğŸ™â˜ºï¸,2025-10-07T04:07:47Z,0
@andikaalmaidani9210,Kalau ada sembilan Naga,2025-10-07T04:04:58Z,1
@dinnyrahmayanthim5096,Ngakak pisaaan iiihğŸ˜‚,2025-10-07T03:55:03Z,0
@cahayasiregar8516,Sumpah ngakak SARBOAH,2025-10-07T03:46:54Z,1
@lataniashofamusholina3106,GAKUATT LUCU PARAH NANGIS,2025-10-07T03:46:29Z,0
@nafisahsarah4446,ini episode ter ngakak natural njirrrrrrr wkwkkww,2025-10-07T03:36:42Z,0
@zahrannmf,8.20 ker dahar ngabahas tai duh,2025-10-07T03:31:36Z,0
@wb.cosnonot,seru bangettt episode bareng iki iniiii,2025-10-07T03:28:45Z,13
@MalindaAlwi,Demi apasi detikâ€ akhir ngakak abis ğŸ˜‚ lama banget gak ketawa sampe ngikngik baru ketawa lagi.,2025-10-07T03:28:05Z,0
@AyuLestari-vp7ws,Resep nya Sunda hungkul jadi nyambung ğŸ˜…,2025-10-07T03:26:51Z,0
@bulanbalkishukama4968,ngakak banget ya pov seorang bapa2 tentang anak dan istri,2025-10-07T03:22:35Z,0
@zallesvhan,"â€œYo, balik lagi di ğŠğğğ„ğŸ’ğƒ! Podcast yang bahas semua hal â€” dari dunia game, gaya hidup, sampai realita hidup!â€",2025-10-07T03:21:56Z,0
@Cari-Aja-BIBIT288,"kasian darto bingung nyunda, ketawa bingung doang",2025-10-07T03:15:04Z,0
@pangkikamal,Dimulai dari sini 42:59 ğŸ¤ªğŸ¤ªğŸ˜‚ğŸ˜‚ğŸ˜‚ğŸ˜‚,2025-10-07T03:11:55Z,0
@Yaree_early,Dari awal podcast sampe akhir ngakak trus gwğŸ˜‚kocaaakk parah episode iniğŸ¤£ğŸ¤£ğŸ¤£,2025-10-07T03:11:43Z,0
@sakinade3932,"Kalau udah ngomong sunda, ampun nggak ngerti",2025-10-07T03:11:22Z,0
@pangkikamal,Kacauu ğŸ˜‚ğŸ˜‚ğŸ˜‚ğŸ˜‚ seuri ngeunah nuhunnn,2025-10-07T03:09:33Z,0
@galihsubagja2716,"Padahal mah teu nanaon nya , ini lah Kesempurnaan Cinta AJaaaaaallll , anying ajal ğŸ˜‚ğŸ˜‚",2025-10-07T03:07:39Z,0
@liga_chania29,Seruu bangett obrolnya bareng papa Selina iniiğŸ¤¸ğŸ‘,2025-10-07T03:05:13Z,25
@rudyacil2132,"Anj,,, nyeri beteung ğŸ˜‚ğŸ˜‚ğŸ˜‚",2025-10-07T02:57:50Z,0
@faisalhanafi7745,Paling demen pak Sur dibikin gumoh Ama cerita yg ditambahin Ama host Laen ğŸ˜„ğŸ˜„,2025-10-07T02:47:50Z,0
@mutiaralestari4820,Kocak euy teu karasa sa jam teh ieu mahğŸ˜‚,2025-10-07T02:41:42Z,0
@tuhfatulanjani849,"Omesh kalo lagi pecah, pecah ya mes ğŸ˜‚",2025-10-07T02:37:30Z,0
@ahyaroe,"Gegara nyebut Miska, undang dong Dinda Kanya Dewi ke Podkesmas.",2025-10-07T02:19:59Z,0
@denislevit8695,"""ajal"" ğŸ˜‚ğŸ˜‚ğŸ˜‚",2025-10-07T02:00:22Z,0
@khalistaohkhalista2822,Alamaaakkk.... Hitsss,2025-10-07T01:42:52Z,0
@gemini1499,Pak Surya... Plek suamiku wkwkwk bahas yang jijik2 langsung huek huek ğŸ˜‚ğŸ˜‚,2025-10-07T01:13:02Z,0
@neniseptian1305,Ngakak bgt ih klo udh bahas2 nama2 org sunda wkwkwkwğŸ˜…,2025-10-07T01:12:38Z,0
@Bryan_vincent_theo,Makin kesini makin jelek lagunya...gak kayak dulu,2025-10-07T00:59:44Z,0
@sahabatnitizen8085,Ini syuting sebelum rilis alamk...Dan akhirnya alamak viral dan meledak,2025-10-07T00:59:14Z,0
@pujiastutisugianto,Lucu banget pak Surya ğŸ¤®ğŸ¤£ğŸ¤£ğŸ¤£,2025-10-07T00:49:46Z,0
@stevhanie_26,"Gue nonton sambil sarapan, gak expect di awal bahas taiğŸ˜­",2025-10-07T00:27:24Z,1
@Pinkramyun,Lucu pisan wkkwkwkwkwkw,2025-10-07T00:09:52Z,0
@muhammadgilangnugraha9687,15:44 kocak kayangnya kompak wkwk ğŸ˜‚ğŸ˜‚,2025-10-07T00:04:17Z,2
@ncengmumanchanel1203,Bapa bapa top pokoknmh,2025-10-06T19:18:47Z,0
@folksub,Omesh lucu parahğŸ˜…,2025-10-06T19:00:29Z,0
@putramamonto1566,ngakak abiss ğŸ¤£ğŸ¤£ğŸ¤£,2025-10-06T18:23:03Z,0
@feelthissgit,"kalaauu adaaa 9 nagaa, akan ku bangun pik 3",2025-10-06T18:13:08Z,0
@PutriAlivia-h2s,Ngakak bgt bpkÂ² ini obrolannya,2025-10-06T18:10:50Z,0
@mingyuwonwoo9712,"41:38 ngakak banget sampe sakit dada pliss, makasih udah menghibur ğŸ˜­ğŸ˜­ğŸ¤£ğŸ¤£",2025-10-06T18:09:44Z,0
@sitiandadarus5799,Bapak2 kocak ya pd ngumpul yg di  obrolin pengetahuan cm setengah2 ğŸ˜œğŸ¤£ğŸ˜„,2025-10-06T17:58:52Z,0
@galuraid,"Kebayang itu jadi anaknya, tiap hari pas digendong. ""Anjirrr Bapak Aing Rizky Febian, Anjirrr Mama Aing Mahalini.""",2025-10-06T17:40:58Z,9
@hartatiharun7263,a omesh lucu bgt ğŸ˜­,2025-10-06T16:58:39Z,0
@__nyra1895,iky auranya ktutup,2025-10-06T16:47:25Z,0
@arkai6,"Undang J. S khairen donggg
Penulis yg lagi rame...",2025-10-06T16:38:14Z,0
@rizkikejade8686,Omes lg On fire HAHAHAHA,2025-10-06T16:27:50Z,0
@EkaLestari-xr5uk,seru seru makasih ya min udah undang iky,2025-10-06T16:04:04Z,6
@yofitraharyono3733,ngundang anak sule yg satu ini emang gak pernah gagal ada aja gebrakannya ğŸ˜‚ğŸ˜‚ğŸ˜‚ğŸ˜‚ğŸ¤£ğŸ¤£,2025-10-06T16:03:33Z,11
@ayumiieeeee,"baru berentii ngetawain sarb*ah krna baru tau ini denger lagi jd ngakak lg, wakakakak teuing ah",2025-10-06T16:00:18Z,0
@RizkyAtomi,"Informan mood booster bgt nihh
Menit 43 bgst omes ğŸ˜‚ğŸ˜‚",2025-10-06T15:59:37Z,0
@evihervina5571,"Gerrrrr bngt episode ini,ngebahas singkatan nama aja sampe pegel perut gwğŸ˜‚ğŸ˜‚",2025-10-06T15:54:29Z,0
@aatsetiawati7737,Tiker injuk,2025-10-06T15:48:32Z,0
@anissaseptiani1087,"nonton sambil makan, mereka  bahas taiğŸ¥²",2025-10-06T15:47:21Z,0
@arjunsaputra9035,ngasih nama anak panjang banget. kasian anaknya ntar sekolah ngisih nama di kertas ujian ğŸ˜…,2025-10-06T15:26:36Z,1
@madlyns,sepi banget ga ada piano kak abi :'),2025-10-06T15:24:57Z,0
@madlyns,sepi banget ga ada piano kak abi :'),2025-10-06T15:24:51Z,0
@BertoPitzy,9:24 pak darto bangke bgt emang ğŸ˜‚ğŸ˜‚,2025-10-06T15:22:01Z,0
@shafiranzrhf1,undang ayu tingâ€ donggg psti seruuuuu kocak,2025-10-06T15:20:01Z,0
@IyangIndra,Nggok ajiigg banget pake gunting kuku ğŸ˜…ğŸ˜…ğŸ˜…,2025-10-06T14:59:59Z,0
@restika2067,ksian anaknya pas Ujian nasional ğŸ¤£,2025-10-06T14:53:26Z,0
@bramantiointinya,Lucu banget episode ini kwkwkkwkw,2025-10-06T14:52:52Z,0
@aryan126,Lucuuu,2025-10-06T14:52:26Z,0
@yusupabdulaziz,stop judol !!!,2025-10-06T14:50:45Z,0
@Agung-l5s,anjirrr padet banget comedynya.. serasa nongkrong di jalan braga,2025-10-06T14:30:25Z,0
@iinrisam5847,Bagian sarboah ngakak ampe nangiiis ğŸ˜‚ğŸ˜‚,2025-10-06T14:24:44Z,0
@NissanLIVINA-oe3qw,Mantap video editor temen kuliah gue...sukses madğŸ˜Š,2025-10-06T14:14:18Z,0
@ajatsudrajat8700,Hadir pak Darto  âœ‹ï¸ğŸ˜‚,2025-10-06T14:05:47Z,0
@kholifatulHikmah-u3b,ANAK LU MAKAN GADO GADO??? ğŸ˜‚,2025-10-06T14:03:11Z,1
@fransiska3415,Asa ada yg aneh ga si skrg2ğŸ˜‚,2025-10-06T13:54:28Z,0
@FirdausChaudhry,ANJING,2025-10-06T13:52:03Z,0
@mfth95-y8k,"Waduh terlalu sbntar ini durasinya bapak"" ğŸ˜
Harusnya iki disruh buat lagu dadakn dlu ğŸ˜…",2025-10-06T13:51:13Z,4
@asya_caca5138,Terhibur,2025-10-06T13:44:21Z,0
@gamingbody1038,episode ini SUTRADARTO MVP ğŸ”¥,2025-10-06T13:43:40Z,0
@altafmuharam1564,"Ngakak bener eps ini yak, ampe ngik ngik ngik aing ğŸ˜‚ğŸ˜‚ğŸ˜‚",2025-10-06T13:41:12Z,62
@vandejoel1856,Kocak koplakğŸ˜‚ğŸ˜‚ğŸ˜‚ğŸ˜‚,2025-10-06T13:33:02Z,0
@elorasyabil7105,"Anwar boiyen dong ,ulik persahabatan nya , seru keknya di ulik dengan candaan ala podkesmas",2025-10-06T13:30:21Z,2
@MisbahImis-yr1yc,Aku tukang bubur mang omes,2025-10-06T13:24:31Z,0
@PapaUncals,Mahalini baby blues ga yah? Bertanya dengan nada kesempurnaan cinta,2025-10-06T13:23:51Z,0
@distraction2316,27:40 surya vs everybodyy ğŸ˜‚,2025-10-06T13:21:34Z,49
@wayyu6581,Undang bapaknya juga dong,2025-10-06T13:17:12Z,5
@mayanuraziza,"omesh pecahhh bgttt asli lucu bgt, ketawa sampe nangisğŸ¤£ğŸ˜­",2025-10-06T13:13:47Z,112
@galyak3635,King nassar dong,2025-10-06T13:13:20Z,2
@lisahapsari2222,,2025-10-06T13:05:19Z,2
@imelda-ig3xd,Seru pisannn njirrr,2025-10-06T12:59:46Z,0
@hestirosmaida,wess lagu selena nih,2025-10-06T12:59:28Z,0
@adeseptian571,iki,2025-10-06T12:58:55Z,0
@arisriyadi6001,Mamang iky ..,2025-10-06T12:58:00Z,5
@dududuckie,Kocak kocak kocak dar der dooorrrğŸ˜‚ğŸ˜‚ğŸ˜‚ğŸ˜‚ğŸ˜‚ğŸ˜‚ğŸ˜‚,2025-10-06T12:54:31Z,13
@borneostate350,"Kenapa pas lirik ""kalau adaaa.."" gua lngsung nyaut ..""sumur diladaang bolehlah kita menumpang mandiiiii...""ğŸ˜…ğŸ˜…",2025-10-06T12:50:45Z,1
@adipratama9165,15:42 kompak kayangğŸ˜‚,2025-10-06T12:43:45Z,14
@BellaSeptia-h7b,Undang ayu ting ting please ngakakkk bgt kayaknya ğŸ™,2025-10-06T12:32:22Z,1
@otnieladriana3403,.,2025-10-06T12:27:54Z,0
@mykylinz,Wah ada Iky,2025-10-06T12:26:01Z,6
@ecinkuraesin5726,"Untung yah ganti jadi rizky febian kalau tetap nama nya asep jailani masuk ke anggota Gangster  ""Asep Sedunia """,2025-10-06T12:25:07Z,29
@syahillasya,Akhirnya ad podcast lagi,2025-10-06T12:08:21Z,17
@afandiafan3486,"Darto lucu bet sumpah,,, asbun tapi lucuğŸ˜‚",2025-10-06T12:06:30Z,47
@HelmiAhmad-n3k,5:04 anak gw dua. Dua2nyagw nemenin dan melihat prosesnya anak gw lahir k dunia ini. Alhamdulillah....smg anak2 gw JD anak shaleh shalehah dan sukses dunia akhirat Aamiin ğŸ¤²ğŸ¤²,2025-10-06T12:04:22Z,32
@kurniaintanlestari946,Salfok bahas nama sarboah,2025-10-06T12:00:45Z,23
@ghinasday1682,Makasih bpk2 walaupun lawakan nya kocak ala bpk2 tp aku berusaha tertawa walau gk tau knp menangis ğŸ˜¢... doain ya skizo aku sembuh,2025-10-06T11:58:40Z,13
@Tartar522,Sarboah parawan centil,2025-10-06T11:45:20Z,0
@DandiSugiana,ğŸ‰ğŸ‰ğŸ‰ğŸ‰,2025-10-06T11:42:48Z,0
@CelinCelin-ki8er,ok,2025-10-06T11:41:55Z,0
@RSTUVWXY-Z,menunggu tretan muslim di undang ,2025-10-06T11:28:40Z,1
@kin-alister,Surya mual-mual klo cerita ttg tai,2025-10-06T11:21:30Z,1
@4NON1M3,Sule febian,2025-10-06T11:21:27Z,0
@faltin-ol3ht,"Bisa nggak sih...jk lgi ngobrol tdk keluar kata""ANJ*NG""...ditelinga terasa ndak enakk bangett....wlpun diperbolehkan stdknya jangan keluar jk di podcast!!!....risihhh dengar kata"" ANJ*NG....ğŸ˜¢ğŸ˜¢ğŸ˜¢",2025-10-06T11:19:29Z,2
@BIBEH_INTHESKY,15:43 pak Darto teu kompak pisan ğŸ˜‚,2025-10-06T11:15:17Z,26
@dardianh7655,ğŸ˜‚ğŸ¤£,2025-10-06T11:12:51Z,0
@muhammadabyan9106,lucu bgt episode iniiii!!!! ğŸ¤£,2025-10-06T11:08:45Z,8
@NovaLindyawati-s4e4o,Seru iki kocak,2025-10-06T11:04:40Z,43
@sixsense-666,to darto lu mancing omesh buat ngecenginin lu aja ğŸ¤£ğŸ¤£,2025-10-06T10:56:47Z,0
@tattymaryaniendarwati2939,Yeyyyy rizky febiann,2025-10-06T10:50:20Z,3
@rizqinam__,Asik aa iky dimana-manağŸ¤©,2025-10-06T10:49:27Z,29
@muhammadrizarivaldi3516,â€œKayangâ€. Anjir semua pd peragain. Kompak ğŸ˜‚ğŸ˜‚,2025-10-06T10:49:20Z,288
@gracechaa,"Dear podkesmas team. Makasih banyak udah undang A Iky ğŸ¥¹ 
Next bisa kali undang Oslo Ibrahim / Pamungkas ğŸ˜Œ
ThankiooğŸ™ğŸ»",2025-10-06T10:40:36Z,5
@OFFICIALSLMEDIA,ah aing mah bok ja tara di ondang,2025-10-06T10:37:05Z,232
@NoZuii,"kasian darto bingung nyunda, ketawa bingung doang",2025-10-06T10:27:41Z,36
@daffafikra6694,15:43 kayangnya kompak ğŸ˜‚ğŸ˜‚,2025-10-06T10:23:34Z,1
@nafaazis,next rony parulian donggg,2025-10-06T10:19:29Z,14
@muslimahmuslimah3569,Undang VOB voice of baceprot dong dong,2025-10-06T10:18:11Z,2
@IAMSUR,Alamak,2025-10-06T10:16:31Z,0
@asuwarnisuwarni1260,"Iky si orang baek,terlalu baek malah ni orang terlalu merendah diri ni org tuh aneh",2025-10-06T10:15:38Z,0
@pttraad,ALAMAK NYANDUU,2025-10-06T10:04:11Z,0
@fauzanikhsan4175,mantep a iky,2025-10-06T10:03:26Z,5
@fauzanikhsan4175,tes ah,2025-10-06T10:03:08Z,0
@TANAKA_LEMON,Hadir,2025-10-06T10:02:54Z,0
@dedegunawan6516,Yg lg keliling promo lg,2025-10-06T10:02:27Z,1
@bayupratama756,Mantap a ikyğŸ‰,2025-10-06T10:02:06Z,4
@m.auzannuradli,tes ah,2025-10-06T10:01:54Z,0
